folio,cpu,monitor,ups
WOT0999918,4CE323DMSP,CNK32316F5,PA17M06DE8
WOT0999919,4CE324BVHB,CNK3211334,PA17M10EW1
WOT0999920,4CE324BVGR,CNK321132C,PA17M10FF4
WOT0999921,4CE323D8H4,CNK3230SDV,PA17M10EY2
WOT0999922,4CE324BTDW,CNK3231DXR,PA17M10EV4
WOT0999923,4CE323D8HW,CNK321132T,PC22M08ANV
WOT0999924,4CE324BTZF,CNK3210J67,PA17M10FB0
WOT0999925,4CE323D8RB,CNK3230VZF,PA17M10EW5
WOT0999926,4CE324BV0W,CNK32112TV,PA17M10FB3
WOT0999927,4CE324BT3S,CNK32300RM,PA17M10FA5
WOT0999928,4CE324BV1F,CNK32112TR,PC22M08ANW
WOT0999929,4CE323D58C,CNK3111224,PA17M06DF1
WOT0999930,4CE323DNQS,CNK32316DZ,PA17M08EN8
WOT0999931,4CE324BDQK,CNK32316G0,PA17M10EY4
WOT0999932,4CE323D5C9,CNK3220JTB,PA17M14HC5
WOT0999933,4CE324BV2P,CNK32112VC,GA17H47029
WOT0999934,4CE324BCH5,CNK32316G9,GA17H42047
WOT0999935,4CE324BCD6,CNK32316GC,PA17M08EP5
WOT0999936,4CE323D6DX,CNK32201CZ,PA17M14HB6
WOT0999937,4CE324BDVF,CNK3240TNV,PA17M10FA4
WOT0999938,4CE323DQRJ,CNK32304Y4,PC22L08GW6
WOT0999939,4CE324BV88,CNK32112TT,PA17M10FE1
WOT0999940,4CE323DNXK,CNK32209VK,PA17L40AN4
WOT0999941,4CE323DQK4,CNK3230RPS,PC22M08ANY
WOT0999942,4CE323D8Z8,CNK32113KD,PC22M08APB
WOT0999943,4CE323DKRR,CNK32113S8,GA17H49033
WOT0999944,4CE323DQ6H,CNK3221YD9,GA17H08034
WOT0999945,4CE323DPGM,CNK3210TQD,PA17M10FE4
WOT0999946,4CE323DP4S,CNK3210TYY,PA17M06DP9
WOT0999947,4CE323DP06,CNK32209VX,PA17M10FD3
WOT0999948,4CE323DM5V,CNK323047R,PA17M10FD7
WOT0999949,4CE323DKS0,CNK31509RN,PA17M08EM1
WOT0999950,4CE323D5G7,CNK3220KSV,PC22M08ART
WOT0999951,4CE323DMDC,CNK3230VQG,PA17M10FA3
WOT0999952,4CE323D4WV,CNK3111219,PA17M08EB7
WOT0999953,4CE323D5J6,CNK32304DH,PA17M10FE0
WOT0999954,4CE323DKWW,CNK323047L,PA17M10FA9
WOT0999955,4CE323DKSN,CNK321130X,PA17M10FE5
WOT0999956,4CE323DNKM,CNK3221L2F,PC22M08ANR
WOT0999957,4CE323DQRR,CNK32304XV,PA17M08EM5
WOT0999958,4CE323D5NY,CNK3230RKM,PA17M10EY0
WOT0999959,4CE323D6JS,CNK32200KG,PA17M08ET1
WOT0999960,4CE323D5YH,CNK32305XF,PA17M08EP6
WOT0999961,4CE323DNN9,CNK32316DL,PA17M11FL2
WOT0999962,4CE323D61R,CNK32305SP,PA17M10EY6
WOT0999963,4CE323DKWJ,CNK3220KSM,PA17M10FD4
WOT0999964,4CE323D788,CNK321132K,PA17M10FD0
WOT0999965,4CE323D6GB,CNK3150B0K,PC22M08ANP
WOT0999966,4CE324BDS8,CNK3220BHM,PA17K30B42
WOT0999967,4CE323D621,CNK32305X3,PA17L25V87
WOT0999968,4CE323D5RH,CNK32111V0,PA17M10FA6
WOT0999969,4CE323DKWR,CNK3220K38,PA17M08ER1
WOT0999970,4CE323DKXF,CNK323047V,PA17M10FD6
WOT0999971,4CE323D5TP,CNK323181K,PA17M10FD8
WOT0999972,4CE323D5Y6,CNK32300N3,PA17M10FF3
WOT0999973,4CE323DKYB,CNK3230T58,PA17M10FE2
WOT0999974,4CE323DN5Q,CNK3220K2M,PA17M08EM6
WOT0999975,4CE323D617,CNK3210TQ7,PA17M10FE3
WOT0999976,4CE323D66C,CNK32213B7,GA17J06137
WOT0999977,4CE323D5GJ,CNK30715BN,GH381A0479
WOT0999978,4CE323DMSW,CNK32316DB,PA17M10EW4
WOT0999979,4CE323D66K,CNK32213BQ,PA17M10FD2
WOT0999980,4CE324BVHN,CNK3230RZ3,GA17H47009
WOT0999981,4CE323DMGN,CNK32317X0,PC22M08ARJ
WOT0999982,4CE324BVD9,CNK31132M,PA17K50K05
WOT0999983,4CE324BCHT,CNK32200K5,PA17M10FE9
WOT0999984,4CE323DM00,CNK3230SC3,PA17M10FD1
WOT0999985,4CE323DM06,CNK32113SB,PA17M08EB8
WOT0999986,4CE324C9MV,CNK3210JW2,PA17K30B42
WOT0999987,4CE324C9MP,CNK3230V22,PA17M08EN7
WOT0999988,4CE324C9K2,CNK3230V1X,PA17M10FF1
WOT0999989,4CE324C9J0,CNK32317BS,PA17M10EV3
WOT0999990,4CE323DM66,CNK3230T5Q,PA17M10FD5
WOT0999991,4CE324BWG5,CNK3210J73,PA17M10FA2
WOT0999992,4CE324BWDK,CNK3230RZ8,PA17M10FA7
WOT0999993,4CE324BW8F,CNK3230RKD,PC22M29EKR
WOT0999994,4CE324BVJH,CNK321132X,PA17L48BY6
WOT0999995,4CE323D694,CNK32304YG,PC22L36PG7
WOT0999996,4CE324BVBX,CNK32112TW,PC22M08ARY
WOT0999997,4CE324BVC3,CNK32112TM,PC22M08ANT
WOT0999998,4CE323DM7K,CNK3230T60,PA17M10EV8
WOT0999999,4CE323D58T,CNK30715CZ,PA17M08EM9
